Num,mRID,name,nomkV,Region_id,
序号,标识,基准电压名,基准电压,区域id,
1,112871465677750279,220kV,230.000000,1,
2,112871465677750280,110kV,115.000000,1,
