Num,mRID,name,pathName,type,I_node,J_node,Substation,BaseVoltage,VoltageLevel,Bay,status,mvarating,Region_id,
序号,标识,名称,标准带路径全名,断路器类型,物理连接节点号,物理连接节点号,所属厂站,所属电压类型,所属电压等级,所属间隔标识,状态,遮断容量,区域id,
1,114560315538014655,NULL,Province.AA站/35kV.301开关,普通开关,1000031003006,1000031003092,113997365584592927,112871465677750275,113152940654460988,114278841282725244,0,40.000000,44,
2,114560315538014656,NULL,Province.BB站/35kV.311开关,普通开关,1000031003094,1000031003037,113997365584592927,112871465677750275,113152940654460988,114278841282725246,0,40.000000,44,
