Num,mRID,name,pathName,Substation,I_node,BaseVoltage,VoltageLevel,Bay,P,Q,Region_id,
序号,标识,中文原名,标准带路径全名,所属厂站标识,物理连接节点号,基准电压标识,所属电压等级,所属间隔标识,有功,无功,区域id,
1,115967691142988097,NULL,Province.AA沟/10kV.1#主变10KV侧负荷,113997366306013195,44000011006005,112871465677750278,113152941375881348,0,0.000000,0.000000,44,
2,115967691142988098,NULL,Province.BB沟/10kV.2#主变10KV侧负荷,113997366306013195,44000011006006,112871465677750278,113152941375881348,0,0.000000,0.000000,44,
