Num,mRID,name,pathName,nomQ,V_rate,I_node,BaseVoltage,VoltageLevel,Bay,Substation,Q,Region_id,
序号,标识,中文原名,标准带路径全名,额定容量,额定电压,物理连接节点,所属电压类型,所属电压等级,所属间隔标识,厂站标识,无功量测,区域id,
1,117938015258542349,NULL,Province.AA站/35kV.#1-1电抗器311,-45.000000,35.000000,1000031003037,112871465677750275,113152940654460988,0,113997365584592927,0.000000,44,
2,117938015258542350,NULL,Province.BB站/35kV.#1-2电抗器312,-45.000000,35.000000,1000031003038,112871465677750275,113152940654460988,0,113997365584592927,0.000000,44,
