Num,mRID,name,pathName,highkV,lowkV,Substation,BaseVoltage,Region_id,type
序号,标识,中文原名,标准带路径全名,电压上限,电压下限,所属厂站,所属基准电压,区域id,接线类型
1,113152940654460987,NULL,Province.AA站/500kV,0.000000,0.000000,113997365584592927,112871465677750274,44,NULL
2,113152940654460988,NULL,Province.BB站/35kV,0.000000,0.000000,113997365584592927,112871465677750275,44,NULL
